.js	13709
.cc	11252
.h	8379
.c	3878
.py	2344
.html	2266
.markdown	781
.gyp	720
.md	694
.json	660
.1	577
.3	512
.txt	409
.vcproj	254
.status	237
.pem	233
.pod	220
.sh	140
.gypi	105
.gitignore	101
.pl	99
.in	91
.bat	86
.cmake	82
.7	74
.npmignore	71
.m4	68
.mk	62
.save	57
.rst	55
.png	51
.out	51
.css	46
.vsprops	44
.yml	42
.vcxproj	42
.ac	41
.5	35
.pbxproj	34
.com	32
.rb	31
.cpp	31
.am	27
.patch	26
.S	26
.plist	24
.sln	23
.tar	23
.xml	23
.srl	20
.cnf	20
.xsl	16
.jshintrc	16
.keep	16
.win32	16
.ec	16
.pyt	15
.cmd	15
.node	15
.s	14
.jpg	14
.lua	14
.reg2	13
.rl	12
.hex	12
.stdout	12
.rc	11
.guess	11
.sub	11
.gz	11
.reg	11
.asm	10
.gitmodules	10
.php	10
.wixproj	10
.dsp	10
.d	10
.m	10
.wxs	10
.mailmap	10
.msvc	9
.opt	9
.eslintrc	9
.cs	9
.awk	9
.in1	8
.in0	8
.a	8
.adb	7
.def	7
.mm	7
.spec	7
.ss	7
.ico	7
.crt	7
.ini	6
.types	6
.orig	6
.LIB	6
.dsw	6
.tgz	6
.golden	6
.chromium	5
.cares	5
.strings	5
.log	5
.key	5
.num	5
.npmrc	5
.txt"	4
.pas	4
.eps	4
.gencc	4
.mak	4
.bak	4
.dot	4
.hpp	4
.default	4
.embed	4
.printvars	4
.rtf	4
.ev	4
.Watcom	4
.event	4
.ads	3
.ttf	3
.inc	3
.saves	3
.manifest	3
.git	3
.svg	3
.scm	3
.ignore-unknown	3
.gn	3
.android	3
.p7s	3
.p7m	3
.expectation	3
.p7c	3
.separate-ic	3
.msc	3
.pdf	3
.tern-project	3
.csr	2
.gcc	2
.couch	2
.sb	2
.pch	2
.ASN1	2
.diff	2
.WinCE	2
.W32	2
.m32	2
.settings	2
.cmakein	2
.Borland	2
.cxx	2
.tests	2
.org	2
.mingw	2
.mar	2
.doc	2
.bor	2
.js/NEWS	2
.CV	2
.func-info	2
.xib	2
.netware	2
.bmp	2
.NONPORTABLE	2
.lib	2
.cvsignore	2
.emx	2
.js/node_modules/underscore/LICENSE	2
.ext	2
.gnu	2
.LGPL	2
.R	2
.el	2
.nacl	2
.test	2
.bin	2
.dj	2
.crl	2
.hqx	2
.gc-state	2
.v8	2
.dj2	1
.SSLeay	1
.ext3	1
.blah	1
.sha1	1
.W64	1
.bc	1
.ext1	1
.ext2	1
.cfg	1
.examples	1
.world	1
.contrib	1
.order	1
.xclangspec	1
.NW	1
.pk	1
.pm	1
.chm	1
.qpg	1
.WCE	1
.sas	1
.conf	1
.hpux10-cc	1
.MacOS	1
.pbfilespec	1
.eot	1
.rnd	1
.props	1
.TXT	1
.gitkeep	1
.jshintignore	1
.zip	1
.os2	1
.egg-info/PKG-INFO	1
.valgrind	1
.ENGINE	1
.fre	1
.gif	1
.dif	1
.map	1
.lnx	1
.README	1
.sol	1
.yz	1
.raw	1
.csproj	1
.OS2	1
.doxy	1
.clp	1
.aandMingw32?	1
.key/Metadata/DocumentIdentifier	1
.riscos	1
.686	1
.xs	1
.lis	1
.mms	1
.build	1
.mul	1
.sublime-workspace	1
.pup	1
.gpr	1
.gitattributes	1
.sublime-project	1
.shared	1
.DJGPP	1
.RootCerts	1
.idl	1
.strongtalk	1
.VMS	1
.tc	1
.woff	1
