94914135dfa	.js,5	.cc,1	.markdown,1	.h,1
aaa1f451e63	.js,2	.markdown,1
7d4e8a9a711	.js,1
7059be19ecc	.js,15
d8642a8aa65	.cc,1
0e8d858aba1	.js,1
e129630e9e5	.patch,1	.cc,1
9032bfce593	.py,2
99ba903d464
5a36d1b86fb	.patch,1	.c,1	.h,2
d1d4695474b
4476ce04dc3	.c,1	.h,1
4c16dd7c5c7	.c,1
4a329af418f
fa94d55f879	.h,3
5ea2a615960	.cc,1
2463dbb3fd2	.h,1
13699c1b339
62af617f84a	.c,1
dae9752973a	.h,1
e98a06d90f0	.cc,1	.h,1
63bff5434d9	.cc,1
0b54514a86f	.cc,2
8a3132a4062	.cc,2
b85c4c445bb	.h,1
518fa2e29a6	.cc,2
ae8906e7d1c	.cc,1
a177d60e2b8	.cc,1
4a42e408d22	.cc,1
dcc35088909	.cc,1
30bab527419	.cc,1
6d1af51de62	.cc,1
b4510d57dc7	.cc,1	.h,1
81b26dc5558	.cc,2
cd921c2c62c	.cc,1
cbf73fcccd2	.cc,1
7a1917d86fc	.cc,1
a85a7762684	.cc,1
c7f0341d887	.cc,1
fae7b815893	.cc,1
8fc3bac868d	.cc,1
f9a74a2327f	.cc,1
51c68672809	.cc,1
1937c5e3c14	.cc,1
6e54f416ad1	.cc,1
d7de459b80c	.cc,1
3947269f97d	.cc,1
276b0b174e6
d56e1a3fcdd
6f08fdbcca6
f37cc8720b4
1d0193a7334	.py,2
3216f08b6d9	.gitignore,1
9a9edb0e8e6	.h,1
9f9332963af
6e522fb27bd	.cc,2
51300f36d6d	.cc,1
13fb6f7fa17	.cc,1
8b9f7c6eb24	.cc,1
03a74efb168	.cc,2
b0f048e9709	.patch,1
1361e87e807	.cc,1
f48c36f74f9	.cc,1	.h,1
967b7b0d8cd	.c,1	.h,1
bea5e6eff6b	.cc,2
0580f9a9bfc	.win32,1
cecc3513036	.cc,1
2d39e1341c1	.cc,1
a807ac6660f	.cc,1
46dc393ff17	.cc,1
e85733a80ba	.win32,1
3c3d1d31c56	.py,4
4eea3e45bd6	.py,1	.win32,1
e047ec340dc	.win32,1
6d266219cc8	.win32,1
a6aca21ced2	.win32,1
4a2cb078088	.c,1	.cc,3	.h,2
dd3308851d4	.cc,1
ad41e778b43	.cc,1
9be07f7fe19	.js,1
fe804d9bc7c	.js,1
d66cf5f32cc	.py,1
bd62203d137	.cc,4	.win32,1	.h,1
2655269911d
0b96c5bc3b0	.cc,1	.h,1
0a2f1cb334e	.cc,2	.win32,1	.h,2
d1bf9cf1f8e
a6f2082b33d	.cc,1
0b763213083	.win32,1
2d8ab906135	.h,1
86518c3b110	.cc,1
c3ffbf219ca	.cc,2
b7b0c92ac18	.cc,1
fe6f3638372	.js,1
9e31e0837ec	.js,1	.cc,1	.markdown,1
9ddfcfecca2	.js,2
af15b4e45a7	.js,1
7c731ec9dd5	.js,2	.markdown,1
dea23313776	.js,1
1ac133ea6f3	.js,2
01148265cbf	.markdown,1
b9540c28e99	.c,1
595509bb4cc	.cc,1
b70f8aec848
dc99aa0c8ca	.js,1	.cc,1
43d75952ffc	.h,1
e0f47be9d0d	.cc,10	.h,3
c99962e4cde	.cc,6	.h,2
0eb4c2157da	.js,1	.cc,3	.win32,1
2ce0961de18	.cc,3	.h,1
5087c62f18f	.cc,2
bb3bf091d44	.cc,1	.h,1
6ad629895d5	.js,1	.cc,2	.win32,1
b8879d64dd4	.win32,1
b0eed655841	.cc,1
4fddca09f11	.cc,1
87d898929ff	.js,3
0b5bf70bff8	.js,2
8c9b2d10663	.js,1
4475b76535e	.js,3
f0bf325495e	.win32,1
e6e6e87463d	.js,2	.cc,1
a61066ea1b0
8ca0b9a3c5e	.cc,1
a763a4f4d99	.cc,1
8da7202d0bb	.js,1
25d0e380485	.c,1	.cc,1	.h,1
f263b291414	.cc,1	.win32,1
f9fea12555c	.cc,1
07f3274ac42	.js,1
88947dc4f09
9526fef626c
d8d627e2d4a	.c,1	.cc,1	.h,1
8ee9c53c771	.c,1
6329633a3e3	.cc,1
f99fc29e62c	.cc,1	.win32,1
61af4207dae	.js,1	.cc,1
38d8cd60ea1	.js,1
36846f9b6b2	.cc,4	.h,1
8d70294c31d	.js,1
35e32225d12
fd013d17a21	.py,1	.cc,1	.h,1
583f2e59996	.cc,2
a293f90db46	.cc,1
3ef6433255c
b1664daeb99	.py,1	.cc,2	.h,1
a5e67ad9e77
874321298bd	.c,1
25ce5016f4d	.py,1
df15472d347
4a346929031
b3884c574b3
9cec08e4902	.cc,4	.h,2
5c9a262eb07	.cc,1
d9aa9b54cfb	.js,2	.cc,1
cc82724fdcd	.cc,2	.h,1
126e3ba2d38	.cc,2	.h,1
406f44a86b3	.js,1	.cc,4	.h,2
09ac99f1f4b	.cc,1
2eb1274d6cf	.cc,2
3b16a89b3a3	.js,1
c953ecfb9ed	.cc,1
858f23094e9	.js,6	.cc,1	.h,1
1037f5c1136	.js,1
1e29fe65c31	.py,1
4062a42aae4	.cc,1
a845bf74ae0	.c,1	.mk,1
1c2dd454dbf	.c,1	.h,3
3de406cc58b	.js,2
4d3a907f732	.c,4	.vcxproj,1	.h,1
9e77b1a82ec	.c,4	.mk,1	.h,1
78487b6256e	.cc,2
7a6a77e07c9	.cc,2
70bf121f21c	.js,1
91ecfbcae86	.cc,7	.h,2
a962cca390f	.cc,2
6efc86df6a9	.c,1
09bb1d64dc7	.c,1
08782931205	.c,2	.h,2
567470b136c	.js,1	.cc,1
9e8d812ce99	.js,1
764dfbb1bf1	.cc,1
27ef0b0903e	.js,1	.bin,1
c96ef84427e	.js,1	.bin,1
43da0e6fe47	.gitattributes,1
74e8fa2e577	.c,2
97287235081	.cc,1
6ab4a4c05c2	.c,2	.h,1
cb1a21b1d40	.c,12	.h,3
c82ab45ee6d	.cc,2
3742aeea4c6
d01b87d9c44	.bat,1
ae2ac4fb1b5	.gyp,1
e20d0c1cd09	.js,2	.cc,1
b5d58f11cb9	.js,1
8153a216137	.js,2
0a127d6a694	.c,2	.h,1
f8109988715	.cc,1
b5db0767d51	.js,1
97cf216c747	.c,3	.h,2
0a72ac37708	.c,4	.gyp,1	.h,2
b49bec55806	.html,2	.h,1
0be4812c353	.h,1
10e7c52a70a	.js,1
55c1546f013	.c,1
8b754a9e02c	.js,1
73fcd43b85c	.gyp,1
81425598db4	.js,1
c06af229dcb	.c,13	.gypi,1	.h,3
4c1d4411591	.gyp,1
fcad5e35fd0	.js,1
ed65b7b375d	.js,1
153629c99a8	.js,2
d3f3f2e455a	.cc,1
00bbe958c41	.cc,1
6a6a70e80e7	.gypi,1
1e2d7776010	.h,1
889620dcd25	.cc,1	.h,1
c0c4bd4efac	.gyp,1
2f220248062	.c,11	.py,1	.gypi,1	.gyp,1	.h,7
dd93c53c4e2	.cc,1
4a1efb2b9c0	.gypi,1	.h,1
a56a95b6522	.h,1
60efa608d6b	.mk,1
189dd8f8034	.js,2	.cc,5	.h,3
6ee73a2fee7	.cc,1	.h,1
35f4182cee0	.cc,1
829735e738d	.js,2	.cc,1
b54da8a10f3	.c,12	.h,1
9c70b09e0ac	.bat,1
3e696d189ca	.h,2
cbcf4fe768f	.cc,1
86fba381fde	.js,1	.cc,1
83152d174cb	.js,1
a639cf7d84c	.js,1
7244b9cee8d	.c,4	.h,1
d51a0c353b1	.c,1
236b217cd70	.js,1
95eb729e6ff	.c,1
5b014e07251	.cc,1
a056ef1f398	.c,2	.h,1
b480cfaf346	.py,1
2335c4bb414
b159c6d62e5	.html,2	.h,1
3a160646dfe	.h,1
6ed721afd2a	.c,2
ae648a44c48	.c,22	.mailmap,1	.mk,1	.gyp,1	.h,4	.md,1
823a4433213	.cc,2	.h,1
e84edd2593d	.js,1	.cc,1
ded97eb892a	.cc,1
641f2bedf3d	.cc,1
f4e34f1b76f	.js,1
c6347dcfb43	.js,1
4a899c92742	.js,2	.cc,13	.h,7
2d8af39accc	.cc,1
892056bf978	.js,8
d489a01f81d	.js,2
0ad2a9a2e0c	.js,1
fa490f64971	.c,7	.gyp,1	.bat,1	.h,1
a661830569f	.js,1
e5ea6ad0f01	.js,1
67cd05472e0	.c,4	.h,1
68db20656e9	.cc,1
2e2df04b353	.gypi,1
c3f176222a9	.bat,1
2e6ad620475	.c,1
ef032cbe85b	.cc,1
077f9d72934	.cc,1
d91bc7cb097	.js,1	.cc,1
9364699be19	.cc,1
d52f5020cec	.cc,1	.gyp,1
8f2694bb538	.cc,2
408f450286d	.js,1
daaccc7cb7f	.c,2	.h,1
3733a85d8d1	.cc,1
407181538b5	.cc,1
930fabe43f8	.gypi,1
2728dcc95bf	.js,1	.bat,1
3e8857271bf	.wxs,1
40b7302af84	.js,2
1042a8d887a	.cc,1
13304194466	.js,1	.bat,1
ba055115e08	.wxs,1
3ec84a11f8c	.cc,2
1c88c3b3b56	.c,2	.gyp,1
69ca83f7552	.js,2	.cc,1	.gyp,1
e221cd4a531	.c,10	.h,4
0b75eee3642	.c,2
51e66ec4102	.gypi,1
55e4d549275	.js,1	.cc,1
3546383cf0c	.cc,1
d2dd9d108d6	.c,52	.mk,1	.gyp,1	.h,12
3bcbd14bb18	.cc,1
bb675baaa98	.js,1
7f68f256cfa	.js,1
4ddafbd5633	.js,1
0e57aafbb1c	.js,3	.cc,4	.h,1
726ebad9bc8	.cc,1
27ddd14e9f6	.js,1
4624cf12141	.cc,1
b673d0670f9	.cc,3
d8351a2ef45	.js,1
d91004a73d7	.js,1
a475e62a3e6	.js,1
30a0e58d63a	.c,26	.gyp,1	.h,9
8a52a168473	.ico,1	.rc,1
3b6a00b664a	.gypi,1
0699f5bfb40	.markdown,1
4f6882e8982	.wxs,1	.bat,1
f4822366655	.cc,1
bd33fea732f	.gypi,1
5046f8501c1	.gypi,1
5432a1d985d	.cc,1
2301eb69b1e	.h,1
cfa28690db6	.js,1
00ba1cbce11	.js,1
094f7426571	.js,1
b27a4cbe2a3	.js,1
517cea3636b	.js,1
bb2ce1a108b	.js,1
b615077bab7	.js,1	.c,24	.gyp,1	.h,7
cbeeea62cf1	.js,1	.c,24	.gyp,1	.h,7
a55faeac18f	.c,24	.gyp,1	.h,7
b53b8b8ae7d	.js,1
10f85fadfea	.js,2
b866a96cfac	.js,1
e4f4c633706	.c,11	.h,3
5209dad9073	.js,1
0dba4ad0f91	.out,3
0187b657ae5	.ico,2	.gyp,1	.rc,2
74c8041fb6d	.js,1
029e01bb809	.bat,1
37d75ba2417	.c,3	.gyp,1	.h,3
09be360a0fe	.cc,1
50464cd4f49	.js,89	.py,9	.gypi,4	.cc,146	.status,6	.gyp,2	.sh,2	.h,107
ac64c9e5469	.gypi,1
2701a6bd483	.gypi,1
4a1698c6ba7
511e3287274
34b0b6a6133	.js,1
ca003f4f3ee	.js,1
58b8b3fa07d	.c,2
7f896889ba8	.c,1
13400e3e585	.js,2
8ccb3cbdbaa	.js,1
55ef9ef6809	.js,1	.cc,1
1b7d23e81e9	.js,1
30ab1f567d6	.js,1
5e1d844f3dd	.c,1
3f687dbddf4	.h,1
41d5fefc10a	.ico,1
3795d771135	.js,1	.markdown,1
7a4dfb6aa85	.js,1
26b11915b1c	.js,1
7887e68ff75	.c,1
6b26583e845	.js,3	.py,1	.gypi,1	.cc,15	.h,2
6b8ae8e66d8	.gypi,1
ae7a3cddae6	.c,3	.h,1
6e5217d3208	.js,1
3bab12197fe	.bat,1
2dccebd4b82	.wxs,1
399731e3a05	.wxs,1
a1b274108fc	.wxs,1
1b114162ab4	.c,2
3f932c52b0c	.wxs,1
41a4b734d3d	.ico,1
74872b0dc9c	.js,1	.gypi,1	.cc,3
f60def5e9a7	.gypi,1
10448487e55
0cdeb8ed969	.js,2
3ea2a618adb	.c,3
0581afe531e	.js,1	.cc,1
c6843f40c8d	.gitignore,1
3e5139fd2f2
1c1ad9bcf44	.gypi,1
f4369d76c8f	.mailmap,1
2a8380ce578
23dc0992995	.js,1
43a0c881162	.js,2
80ab9a891aa	.c,4	.h,3
9e2319f9772	.markdown,1
2981f01b461	.gyp,1
285a46d1ca4	.c,2
7d7bca64938	.js,2
5fdeebd94d5	.js,3
81791ff33cc	.c,48	.py,1	.cares,1	.msvc,1	.gypi,1	.gitignore,1	.gyp,1	.awk,1	.h,31
22d03c91089	.cc,1
9e55ba7d6bb	.cc,1	.gyp,1	.h,1
e0a603a4993	.c,19	.mk,2	.gyp,1	.h,4	.md,1
acea4c4123b	.cc,3
658cf43b7c6	.c,53	.cares,1	.msvc,1	.mk,2	.gyp,1	.awk,1	.h,34	.md,1
e8fd808dfb0	.h,1
9263213d8ec	.cc,1
9918e5d4f6f	.js,1
6bec5440ebc	.c,52	.mk,1	.gyp,1	.h,17
600a6468dc9	.js,1	.cc,3	.gyp,1	.h,1
34fc97880f5	.cc,2	.h,1
2c5828b65be	.cc,2	.gyp,1	.h,1
2d9239359db	.js,1	.gypi,1	.cc,2	.gyp,1	.h,1
ef0ca2affd9	.gypi,1	.gyp,1
ed093f13148	.c,7	.h,6
99ad52ecbe9	.markdown,3
45cd4e211e7	.css,5
1eab51412f5	.css,1
31ddd9516e6	.css,1	.html,5
6c371c6a8c5	.html,1
985fdf2cb38	.html,1
24184345688	.js,1
4822d780bb9	.c,22	.gyp,1	.h,6
c06e1002c89	.js,1
69d8e77f17d	.c,1
4cfd64e0db4	.c,1
143e9bef477	.js,1
b0d2795fe95	.js,3
9603f08f219	.c,4	.h,1
ed103409c42	.c,2	.h,1
ea1cba6246a	.js,1
6174ea6b4cc	.js,1	.md,15
4899116d4b2	.js,3	.gypi,1	.cc,5	.gyp,1
c5e554dc7ef	.gypi,1	.gyp,1
b61ae54e18c	.pem,51	.attr,1	.c,344	.srl,3	.num,3	.spec,1	.pod,5	.bat,2	.cnf,14	.sh,2	.h,226	.S,3	.txt,8	.2,1	.1,1	.in,1	.org,1	.com,26	.pl,82
ff22a0cb15c	.c,5	.h,2
1d9b4ace8a1	.c,5	.h,2
c23ac14cba2	.c,1
9fc84fdad94	.c,2
709e9352397	.c,1
c4b9be7c5a9	.c,66	.h,150
8d082d0f884	.gyp,1	.h,4
4b8721aad09	.patch,10	.chromium,1
d908b83f59f	.c,21	.mk,1	.gyp,1	.h,7
4c171a504d2	.h,1
90a625399f5	.h,1
9423aa995b0	.h,1
f536eb176b0	.c,7
5691e8aca7d	.gyp,1
3750344b305	.gyp,1	.h,5
f7faacf14a7	.gyp,1	.def,1
81fc6ca4180	.sym,1	.gyp,1
3568edf7115	.asm,1
09ac9d0b2c1	.pl,1
d2fb5075564	.patch,1	.c,1	.h,3
66638a4435b	.pl,2
62c3879cfac
823e807b5ba	.asm,26	.s,52
e0e9f0c15ac	.gyp,1	.h,3
d05d6a35b69	.gyp,1
b5db5fc9dc8	.js,1
5288ed75be9	.js,1
87518f1e3c0	.c,2
c11c19b92cb	.c,76	.gypi,1	.gyp,1	.h,4
6822488c93d	.js,1
f34f1e30a69	.js,1
fa94f0fe833	.gyp,1
9b22944b68a	.asm,1	.pl,1
b3bfb6fbb6e	.js,1	.cc,1
bc9388342f5	.js,2
03b00dcca91	.cc,1
3c293ba2725	.js,2
7eaea7f9e50	.gyp,1	.h,10
2e6180a62a4	.pl,1
aeae22cbb25	.c,1
1d97db5acf0	.pl,2
1b5c5b137d1
5edbb53c45b	.asm,30	.orig,1	.s,36
74759828019	.gyp,1
7be27240b5b	.js,2
6a91eab0970	.js,2
e501ce4b218	.js,1
a6b8f63660c	.js,1
e2acf26a91c	.c,1	.yml,1	.md,1
5e7e51c2fe5	.js,5	.cc,2	.h,2
6311f1c30a9	.js,1
1a87776be94	.c,4	.h,1
255bc945c2b	.js,2
eb29c4b2e6a	.pl,2
da945a7376d	.pl,1
890dc2eeb1b	.wixproj,1
3a387e75369	.gypi,1	.gyp,1
01fa5ee21d1	.gyp,1
c0a5af8d07c	.gypi,1
34461572697	.gyp,1
d5959c5ceae	.gypi,1
52f7a14aaff	.bat,1
75147793888	.wxs,1
8542c9afba4	.wxs,1
0604d9ab933	.wxs,1
4348241bcc6	.wxs,1
51e3a59946a	.wxs,1	.wixproj,1
5e832ac7b95	.wxs,1
2320ffbdff5	.wxs,1
fb6253209e0	.wxs,1	.bat,2
952d6c5e4c5	.wxs,1
8365a56541d	.wxs,1
4147680d591	.wxs,1
fa1efa3675d	.wxs,1
3c22c42519a	.wxs,1
8019800c56c	.mailmap,1
bf83251eea0	.js,1
1b5ec033eee	.c,3
74376335380	.c,1
6bcf51e0302	.c,2
79348256216	.c,9	.mk,2	.gyp,1
6b654c0b13f	.c,16	.h,3
1bf6d78980f	.cc,1
168ca527be1	.cc,2
6430c3f55dd	.gypi,1
5508236c49e	.c,4	.h,2
6fa8398853e	.c,9	.h,2
7555227a12b	.cc,1
83338597352	.c,6	.h,1
87405b0d98e	.cc,1
de7d698df7d	.cc,1
e83a0cd016e	.c,11	.mingw,1	.mailmap,1	.ac,1	.gyp,1	.am,1	.h,6	.md,1
6301613ff57	.c,4
54da818e4be	.js,1
fa4eb47caac	.cc,1	.gyp,1	.h,2
f09e321871d	.js,3
9877cb44129	.js,1
65ffebf8028	.js,3
8dad99fbf77	.js,1
