.js	20760
.cc	15700
.h	11992
.html	11738
.c	8382
.py	3765
.1	2541
.3	1761
.md	1738
.gyp	1696
.markdown	1452
.json	1339
.txt	1012
.pl	528
.pod	461
.gypi	353
.sh	336
.pem	330
.png	311
.status	282
.vcproj	254
.asm	235
.s	223
.npmignore	193
.bat	177
.gitignore	149
.mk	129
.in	128
.out	123
.css	121
.com	121
.yml	108
.7	103
.cmake	82
.plist	74
.cnf	73
.patch	72
.m4	70
.cpp	57
.ac	47
.5	47
.S	47
.vsprops	46
.wxs	45
.vcxproj	42
.lua	39
.xml	36
.jpg	36
.pbxproj	34
.am	33
.m	33
.d	32
.crt	32
.rb	31
.srl	31
.stdout	26
.orig	25
.sln	24
.eps	24
.gitmodules	24
.key	23
.mailmap	23
.tar	22
.mm	22
.cmd	22
.rc	20
.in1	20
.in0	20
.wixproj	19
.rej	18
.ec	18
.ico	18
.node	18
.t	16
.xsl	16
.types	16
.num	16
.win32	16
.el	16
.golden	16
.strings	15
.pyt	15
.csr	14
.coffee	14
.reg2	13
.lnx	13
.guess	12
.rl	12
.hex	12
.conf	12
.org	12
.sub	12
.awk	12
.msvc	11
.ttf	11
.spec	11
.gz	11
.reg	11
.ini	10
.gencc	10
.opt	10
.printvars	10
.dsp	10
.chromium	9
.sublime-workspace	9
.sublime-project	9
.sb	8
.cfg	8
.saves	8
.nt	8
.log	8
.hpp	8
.a	8
.crl	8
.def	7
.cares	7
.input	7
.ss	7
.W32	6
.manifest	6
.cxx	6
.LIB	6
.ejs	6
.dsw	6
.gzip	5
.pch	5
.xclangspec	5
.settings	5
.pbfilespec	5
.eot	5
.xib	5
.php	5
.ext	5
.bin	5
.dasc	5
.woff	5
.pdf	5
.txt"	4
.couch	4
.jshintrc	4
.man	4
.mingw	4
.dot	4
.bmp	4
.embed	4
.android	4
.rtf	4
.bin/marked	4
.gnu	4
.ev	4
.nacl	4
.Watcom	4
.event	4
.ext3	3
.blah	3
.old	3
.fail	3
.ext1	3
.ext2	3
.order	3
.props	3
.3ctype	3
.egg-info/PKG-INFO	3
.gif	3
.scm	3
.default	3
.expectation	3
.valid	3
.2	3
.idl	3
.tern-project	3
.BIN	3
.SSLeay	2
.sha1	2
.ASN1	2
.diff	2
.json~	2
.WinCE	2
.m32	2
.inc	2
.bsd	2
.WCE	2
.Borland	2
.tests	2
.gitkeep	2
.w31	2
.mar	2
.doc	2
.fontified	2
.dos	2
.CV	2
.netware	2
.NONPORTABLE	2
.lib	2
.cvsignore	2
.ignore-unknown	2
.LGPL	2
.dtd	2
.shared	2
.R	2
.separate-ic	2
.test	2
.JS	2
.VMS	2
.osf	2
.dj	2
.irx	2
.hqx	2
.gcc	1
.W64	1
.bc	1
.w95	1
.world	1
.LN3	1
.dep	1
.pc	1
.NW	1
.pm	1
.ln4	1
.hpux10-cc	1
.MacOS	1
.rnd	1
.TXT	1
.tmpl	1
.proto	1
.valgrind	1
.ENGINE	1
.fre	1
.dif	1
.ignore	1
.supp	1
.README	1
.NT2	1
.sol	1
.stp	1
.OS2	1
.doxy	1
.func-info	1
.ult	1
.aandMingw32?	1
.xs	1
.lis	1
.p7s	1
.p7m	1
.mul	1
.p7c	1
.sym	1
.ntx	1
.attr	1
.gitattributes	1
.DJGPP	1
.RootCerts	1
.pfx	1
.strongtalk	1
.tgz	1
.wxl	1
.gost	1
.gc-state	1
.v8	1
