.js	22659
.cc	16930
.h	12934
.html	12670
.c	8881
.py	4174
.1	2900
.md	2062
.3	2043
.gyp	1988
.json	1557
.markdown	1501
.txt	1105
.pod	586
.pl	571
.gypi	388
.sh	381
.pem	335
.status	317
.png	314
.s	258
.vcproj	254
.asm	252
.npmignore	215
.bat	188
.7	163
.gitignore	151
.in	139
.mk	129
.css	125
.com	125
.out	125
.yml	123
.save	114
.plist	91
.cmake	82
.5	77
.cnf	76
.patch	73
.m4	70
.cpp	64
.S	54
.ac	50
.vsprops	47
.wxs	45
.vcxproj	42
.m	41
.lua	41
.jpg	39
.xml	36
.crt	36
.am	35
.pbxproj	34
.srl	33
.d	33
.rb	31
.stdout	30
.mm	28
.mailmap	27
.key	26
.orig	25
.sln	24
.eps	24
.in1	24
.in0	24
.gitmodules	24
.rc	22
.tar	22
.cmd	22
.wixproj	20
.ico	20
.golden	19
.strings	18
.types	18
.num	18
.rej	18
.ec	18
.el	18
.node	18
.csr	16
.t	16
.xsl	16
.win32	16
.pyt	15
.gz	15
.coffee	14
.spec	14
.org	14
.reg2	13
.conf	13
.lnx	13
.guess	12
.rl	12
.hex	12
.ttf	12
.ini	12
.gencc	12
.sub	12
.printvars	12
.awk	12
.msvc	11
.reg	11
.sb	10
.saves	10
.opt	10
.php	10
.sublime-workspace	10
.dsp	10
.sublime-project	10
.chromium	9
.def	9
.hpp	9
.crl	9
.cfg	8
.manifest	8
.cxx	8
.nt	8
.log	8
.android	8
.a	8
.W32	7
.cares	7
.input	7
.ss	7
.couch	6
.pch	6
.settings	6
.eot	6
.jshintrc	6
.LIB	6
.ejs	6
.xib	6
.ext	6
.dsw	6
.nacl	6
.woff	6
.gzip	5
.xclangspec	5
.pbfilespec	5
.mingw	5
.bin	5
.dasc	5
.pdf	5
.ext3	4
.txt"	4
.blah	4
.ext1	4
.ext2	4
.order	4
.props	4
.man	4
.dot	4
.bmp	4
.embed	4
.rtf	4
.bin/marked	4
.gnu	4
.idl	4
.ev	4
.Watcom	4
.event	4
.old	3
.fail	3
.3ctype	3
.egg-info/PKG-INFO	3
.gif	3
.yz	3
.scm	3
.default	3
.expectation	3
.valid	3
.2	3
.tern-project	3
.BIN	3
.SSLeay	2
.sha1	2
.ASN1	2
.diff	2
.json~	2
.WinCE	2
.m32	2
.inc	2
.bsd	2
.WCE	2
.Borland	2
.tests	2
.gitkeep	2
.w31	2
.bak	2
.mar	2
.doc	2
.fontified	2
.dos	2
.CV	2
.netware	2
.NONPORTABLE	2
.lib	2
.ignore-unknown	2
.cvsignore	2
.LGPL	2
.dtd	2
.shared	2
.R	2
.separate-ic	2
.test	2
.JS	2
.VMS	2
.osf	2
.dj	2
.irx	2
.hqx	2
.npmrc	2
.gcc	1
.bc	1
.W64	1
.w95	1
.world	1
.LN3	1
.dep	1
.pc	1
.NW	1
.pm	1
.ln4	1
.hpux10-cc	1
.MacOS	1
.rnd	1
.TXT	1
.tmpl	1
.proto	1
.valgrind	1
.ENGINE	1
.fre	1
.clang-format	1
.dif	1
.git	1
.ignore	1
.supp	1
.README	1
.NT2	1
.sol	1
.stp	1
.OS2	1
.doxy	1
.func-info	1
.ult	1
.aandMingw32?	1
.xs	1
.gn	1
.lis	1
.p7s	1
.p7m	1
.mul	1
.p7c	1
.sym	1
.ntx	1
.attr	1
.gitattributes	1
.DJGPP	1
.RootCerts	1
.strongtalk	1
.pfx	1
.tgz	1
.wxl	1
.gost	1
.v8	1
.gc-state	1
