.js	25032
.cc	18121
.h	13867
.html	13406
.c	9281
.py	4269
.1	3143
.md	2268
.3	2244
.gyp	2043
.json	1984
.markdown	1621
.txt	1137
.pod	681
.pl	590
.gypi	403
.sh	395
.pem	391
.status	343
.png	318
.s	258
.vcproj	254
.npmignore	254
.asm	253
.7	217
.bat	192
.gitignore	160
.yml	145
.in	139
.com	133
.mk	131
.out	127
.css	126
.save	114
.5	102
.plist	93
.cmake	82
.patch	79
.cnf	77
.m4	73
.rst	66
.cpp	64
.S	61
.ac	57
.vsprops	47
.wxs	45
.jpg	44
.lua	42
.vcxproj	42
.m	41
.am	40
.srl	36
.xml	36
.crt	36
.pbxproj	34
.d	33
.rb	31
.stdout	30
.mailmap	29
.mm	28
.key	26
.orig	25
.gitmodules	25
.sln	24
.eps	24
.in1	24
.in0	24
.tar	23
.rc	22
.types	22
.cmd	22
.gz	21
.wixproj	21
.num	21
.ico	21
.jshintrc	20
.ec	19
.golden	19
.strings	18
.rej	18
.el	18
.node	18
.spec	17
.pyt	17
.csr	16
.t	16
.xsl	16
.keep	16
.win32	16
.php	15
.coffee	14
.org	14
.reg2	13
.conf	13
.lnx	13
.guess	12
.rl	12
.hex	12
.ttf	12
.ini	12
.gencc	12
.sub	12
.printvars	12
.awk	12
.msvc	11
.reg	11
.sb	10
.saves	10
.opt	10
.android	10
.sublime-workspace	10
.dsp	10
.sublime-project	10
.chromium	9
.def	9
.manifest	9
.hpp	9
.eslintrc	9
.crl	9
.cfg	8
.cxx	8
.nt	8
.log	8
.a	8
.W32	7
.cares	7
.settings	7
.input	7
.nacl	7
.ss	7
.tgz	7
.couch	6
.pch	6
.eot	6
.LIB	6
.mingw	6
.ejs	6
.xib	6
.ext	6
.dsw	6
.woff	6
.tern-project	6
.gzip	5
.xclangspec	5
.pbfilespec	5
.bak	5
.default	5
.bin	5
.dasc	5
.pdf	5
.npmrc	5
.ext3	4
.txt"	4
.blah	4
.ext1	4
.ext2	4
.order	4
.props	4
.gif	4
.man	4
.dot	4
.bmp	4
.embed	4
.rtf	4
.bin/marked	4
.gnu	4
.idl	4
.ev	4
.Watcom	4
.event	4
.old	3
.fail	3
.3ctype	3
.egg-info/PKG-INFO	3
.git	3
.yz	3
.svg	3
.scm	3
.ignore-unknown	3
.gn	3
.p7s	3
.p7m	3
.expectation	3
.valid	3
.p7c	3
.2	3
.separate-ic	3
.BIN	3
.SSLeay	2
.sha1	2
.ASN1	2
.diff	2
.json~	2
.WinCE	2
.m32	2
.inc	2
.bsd	2
.WCE	2
.Borland	2
.tests	2
.gitkeep	2
.w31	2
.mar	2
.doc	2
.fontified	2
.js/NEWS	2
.dos	2
.CV	2
.func-info	2
.netware	2
.NONPORTABLE	2
.lib	2
.cvsignore	2
.js/node_modules/underscore/LICENSE	2
.LGPL	2
.dtd	2
.shared	2
.R	2
.test	2
.JS	2
.VMS	2
.osf	2
.dj	2
.irx	2
.hqx	2
.v8	2
.gc-state	2
.gcc	1
.bc	1
.W64	1
.w95	1
.world	1
.LN3	1
.dep	1
.pc	1
.NW	1
.pm	1
.ln4	1
.hpux10-cc	1
.MacOS	1
.rnd	1
.TXT	1
.jshintignore	1
.zip	1
.tmpl	1
.proto	1
.valgrind	1
.ENGINE	1
.fre	1
.clang-format	1
.dif	1
.ignore	1
.supp	1
.README	1
.NT2	1
.sol	1
.stp	1
.OS2	1
.doxy	1
.ult	1
.aandMingw32?	1
.key/Metadata/DocumentIdentifier	1
.xs	1
.lis	1
.mul	1
.sym	1
.ntx	1
.attr	1
.gitattributes	1
.DJGPP	1
.RootCerts	1
.strongtalk	1
.pfx	1
.wxl	1
.gost	1
