ec51bfc9957	.js,1
6e1e9e2fcb8	.js,1
b3f91f15b24	.js,2
1b3ebc32d7f	.js,1
09ee29318f3	.js,3
f0a440d886b	.js,2
2b91256c618	.js,2
9d717f6bef7	.markdown,1
e7ac6d8fcd3	.js,5
1fde5f51b4d	.js,2
80711b0ff90	.js,2	.markdown,1
6c5b31bd80d	.js,2
301f53c2aa9	.js,2	.markdown,1
bc8489580cb	.js,2	.markdown,1
9d4c5a12f49	.js,1	.cc,1
0304f1fc220	.js,1	.cc,1
66601f13d9f	.js,2
2680522d3a7	.markdown,1
06ac129903d	.markdown,1
f423ec90fc6	.js,2
e56ee67e13c	.js,1
aabdd5d0456	.markdown,1
29b0dc4ec87	.js,2
91cc2d8c4bf	.js,1	.out,1
5a49f96505e	.js,2	.out,1
0263f014750	.js,2
f39fdf26105	.js,1
f5fbb707b2c	.js,1
f61277ecb06	.js,1
2e5dfafcb06	.js,1
e27418ca3f1	.js,2
3cd09e7ba55	.js,1
9b8577230f4	.js,2
44f8756aab6	.js,2	.out,1
f870240dcf3	.js,2
ef54777fa59	.js,2	.out,1
3d3d00d5247	.js,1
a2b9e02d83d	.markdown,1
cf4b5fc52a5	.js,1
c209e57e502	.markdown,1
ffbbc465d3a	.js,1
5f3906b65e3	.js,2
987cbe35c60	.js,1
55e964ec19e	.js,1
c93e0aaf062	.js,3	.cc,1	.markdown,1
cbbf9e43d17	.js,3	.cc,1	.markdown,1
c46cbe0de46	.js,3	.cc,1	.markdown,1
f987ecf45be	.js,1
ed5f1162fae	.js,1
caba9c70c34	.js,2	.cc,1
0a539865dd5	.js,1	.cc,1	.markdown,1
f8a3cf980f0	.js,5	.cc,2	.markdown,1	.h,1
203561208e0	.c,2	.h,1
c143cba590c	.js,3	.cc,1
f2212fa59d5	.js,1
76f98c27de4	.js,5	.cc,1
b544185bd88	.css,1
1a9c9b0c555	.js,2	.html,2
39472709f0a	.js,1
44dde5f24cf	.js,19
9a9f08b1bc0	.js,3	.txt,1
c47391526c1	.txt,1
dbf9e466bc2	.js,1	.txt,1
a96b5c792e4	.txt,1
78c61000c20	.js,1
145fac2b56a	.js,1
0fcc94525a5	.js,3
48562fa9389	.js,2
b4fba5fe8ee	.js,1
f6e00759eff	.js,2
9415ca909ea	.js,1
18a70ffda13	.js,1
61785afb3d2	.js,2
55ab9b4541b	.js,2
490cac0d7e9	.js,1
211e82e8d9b	.js,1
6c94b8e4e4d	.js,2
b02b54e0039	.js,4
b73f61a1378	.js,2
ac2abe5b1e5	.js,2
c86c614cacf	.js,2
a76c7a89ce7	.js,2	.txt,1
b57d7d9b4e0	.js,1
bfd31448617	.js,2	.txt,1
f64371fccb6	.js,2	.txt,1
d9dc2e0709a	.js,1
f2274840a97	.js,3	.txt,1
d9085ea0cb7	.txt,1
7d947f87230	.js,1
f86c1783b73	.js,2
aa73ed973ca	.js,1
d9a81374b2e	.js,2
5de04dafc6c	.js,1
876b6d21832	.js,2
f080de53808	.js,2
530328f12b4	.js,55
27fcae738a7	.js,2
528c449901a	.js,2	.txt,1
6e9e61b9dfa	.js,1
2b252acea47	.js,2	.cc,1
bb8f0725da0	.js,1
bffee5eda44	.js,2
7371fcb312b	.js,1	.cc,1
1026ffea404	.js,1
a021db151a6	.js,1
43d651daef4	.js,2
7069bee982c	.js,2
8fd472b9a11	.js,3
659954d842a	.js,2	.txt,1
fd189c8a73a	.html,1
0329468e739	.js,1
f09d0cd93c3	.txt,1
0dbf2d77925	.js,3
6219f2a2be0	.js,1
abbc624f52d	.js,4
3fd1cba0733	.js,1
eeaa267cbe6	.js,1	.txt,1	.1,1	.html,1	.xml,1
27c750154e6	.js,2
be3dddeec9c	.js,1
0da4c671659	.js,1	.cc,2	.h,1
881ac26f27f	.cc,1	.h,3
80eff968292	.js,1
9fbd0f0f7df	.js,1
22b839845c2	.js,1
066e97867ab	.js,1	.cc,3	.h,1
11d21f5b17f	.cc,1	.h,3
0dc2f4f82d0	.js,1
f59ec645cb8	.js,1
d55702e73d2	.js,1
