372a2f56bed	.cc,1
afb488db868	.cc,1
813114dab05	.gypi,1	.gitignore,1
fe6d5be6b40	.c,1
709fc160e52	.cc,2	.h,4
419f18d2e24	.cc,5	.h,7
1293f0a228a	.cc,1	.h,1
add955e6b83	.cc,8	.h,2
5962dbef49a	.js,8	.cc,6	.h,3
b1e9d330aa6	.js,1
42df679c458	.cc,2	.h,2
2593c141315	.cc,1	.gyp,1	.h,2
b6559553a42	.js,25	.cc,1	.gyp,1	.markdown,2	.h,4
e67db0191db	.cc,1
c4f6c22c203	.cc,1
0d051238be2	.js,1	.gypi,1
a1b2875afd9	.js,1
fbff7054a47	.cc,2	.h,2
5845a6bcd5b	.c,4	.gyp,1	.rst,1	.am,1	.h,2
6a68d646297	.js,1
1a4a1895789	.js,2
6462519d3cb	.js,1	.markdown,1
bdc2ea4d52b	.cc,3
7b4a540422f	.js,1
4809c7aa4f8	.js,1	.cc,1
e9ca7b9d8de	.js,1	.cc,1
57ed3daebfe	.js,2	.cc,1	.h,1
f2a78de6ec1	.js,1	.markdown,19
979d0ca874d	.js,2
de312cfd7c2	.cc,1
51b6b6844e9	.markdown,24
7c3c51b8ff3	.js,1
f9ce97084cb	.js,7	.py,1	.gypi,1	.cc,29	.h,6
9b8837b3554	.js,3
a054f8eb295	.js,1	.cc,4	.h,1
81a9739108b	.js,1	.cc,2	.gyp,1	.h,1
807acf7f987	.js,1
07184265062	.h,1
e643fe4c4b7	.js,1	.cc,1
803c3f0aa0f	.js,1
449ffecbb06
681013223f9	.cc,1
b1a44dfe9eb	.js,1	.cc,1	.markdown,1
53b2e02a46b	.cc,1	.h,1
f10fd1ddba8	.cc,1
d1fe6857ba4	.js,1	.cc,1
c7f424e44b7	.js,2	.cc,1
8d6fa72d972	.js,6	.cc,18	.h,12
b84ebfe8860	.cc,1
846f304fa80	.js,1
6cbfcdad46d	.js,22	.markdown,2
d9e1e4c661d	.js,1	.h,2
4a9af3fecb4	.cc,15	.h,6
c9abb59638b	.js,1
74656ca1892	.cc,1
f78e5df8546	.js,6	.cc,23	.h,14
56ebf308dc9	.js,1
e6016dae348	.js,1
f32c1ffe565	.js,2
bf08ac462e2	.js,1
60fcc11be25	.js,2
63ccfc35366	.js,5	.cc,4	.h,3
2eddd741123	.js,1
646ac18d793	.js,2	.h,4
828f14556e0	.js,6	.cc,2	.h,5
22f32d63832	.js,1
3f2cfe17628	.js,1
1def590db5a	.js,1
43b0e13b662	.js,1
9ff83c32e64	.js,1
a40b4636740	.js,2
d9fc6af32a5	.js,21	.markdown,1
87cde442803	.js,4
7222539936f	.cc,1
5757642e912	.js,2
aef652dc111	.h,1
d6df1b91579	.js,1
e5346932bcb	.js,2
a263abaa812	.js,1
26a795baa10	.markdown,1
c414ec1c2cd	.js,2	.cc,1	.markdown,1	.h,1
9b4aa355e38	.h,2
d120d92bfef	.cc,5	.gyp,1	.h,8
6cea16f2c9e	.h,1
4326c6d1b3c	.cc,1
7f09a13bbae	.cc,1
d2a600200ee	.js,1
fe4fbc2a1e6	.markdown,2
bc39bdd995d	.js,7	.cc,3	.h,5
fbe7eec1eca	.cc,1
95c38107c2f	.cc,1
66d908f09a6	.js,1	.cc,1
ccec14b5689	.js,4	.cc,3
8b8e3b67980	.cc,7	.h,7
efa62fd9cc8	.js,7	.cc,11	.gyp,1	.h,7
613d76ef6a0	.cc,16	.h,4
f2e3be53bc3	.cc,6	.h,6
60a3e695cb6	.cc,6	.h,3
93f75a86bf6	.cc,13	.h,4
4b84e42f67d	.js,1	.cc,1	.h,2
81307440440	.js,4	.markdown,1
7503e4c8827	.cc,1
8a295cd520b	.js,1	.cc,1	.markdown,1
fe0bf6b7ac2	.cc,1
25dce6d62d2	.js,2
59dac01e4ea	.js,1
f218d94af4a	.js,1	.cc,1
7a235f924b1	.cc,1
8a272cabe21	.js,6
26bc8db33f1	.js,23	.py,1	.cc,55	.status,3	.gyp,1	.lua,1	.sh,1	.h,46
873b5f8428f	.js,1
16a60ed2a39	.js,1	.cc,1
467e00ed020	.js,2
fa89cf545ca	.js,1
849cf1aa925	.cc,1
6b5c43ed182	.cc,1	.h,1
ed0677f4275	.cc,1	.h,1
50cee6ecab8	.js,2
f97a1267e2e	.cc,1
2dd4a745b0e	.js,1	.cc,1
ab5dabf876c	.js,1
d66d840e3b4	.js,1
35f789b0279	.cc,12	.h,1
756ae2c5360	.cc,12	.h,2
3f5d5847e2f	.js,1	.cc,1	.h,2
2ef1782bbce	.js,1	.cc,1
cec81593d7e	.js,2	.cc,1	.markdown,1	.h,1
cd00064566f	.js,1	.cc,1
e3c5019ac70	.h,1
c80f8fa8f10	.cc,1
2dafa193ee9	.cc,1
da07709c74b	.js,2
3158ffb6ef1	.js,1
9a29aa8c552	.cc,1
76ada45342d	.js,1
6a5a7b089ea	.js,1	.cc,1
7ca77eaf38c	.js,1	.cc,2	.markdown,1
63fc6a63c80	.cc,1	.h,1
