fe2019699ad	.h,1
a363f61ca83	.h,1
1b81ea82767	.h,1
52795f8fcc2	.h,1
6a90a060023	.js,2	.markdown,1
28ae70ebad8	.patch,3	.eslintrc,3	.gz,2	.yml,1	.tgz,2	.html,210	.sh,2	.jshintrc,3	.js,262	.5,5	.npmignore,12	.txt,2	.3,40	.1,48	.gif,1	.markdown,3	.json,89	.md,51	.7,11	.npmrc,2
293f036bd4f
54206e32a6c	.gypi,1
ea69dd7584a	.h,1
69080f54743	.js,1
b9283cf9d17	.js,3
fe2e8a4a24c	.h,1
35443862a23	.c,5	.mk,1	.gyp,1	.h,1
6c8593d4568	.js,1	.cc,1
226c98649df	.markdown,1
b259f245f87
c77fd4a03ef	.bat,1
3859fbdb7df	.js,1
2afa3d8a03f	.js,1
d601c76f4d7	.js,4	.1,1	.cc,2	.markdown,2	.h,1
c1f4aacc75c
641cea09269	.js,1
2b7c8a2f02c	.js,3
8e4fc88c797	.h,1
fd896d5acfe	.h,1
9fad8958df6	.eslintrc,2	.gz,2	.yml,3	.html,106	.sh,2	.jshintrc,3	.js,196	.5,5	.npmignore,6	.txt,2	.3,40	.keep,8	.1,48	.json,108	.md,37	.7,11
902090af537	.h,1
edadbd6819d	.eslintrc,2	.gz,2	.yml,3	.html,106	.sh,2	.jshintrc,3	.js,196	.5,5	.npmignore,6	.txt,2	.3,40	.keep,8	.1,48	.json,108	.md,37	.7,11
f773fb41cc2	.js,1
84952da2419	.h,1
0fe0d121551	.h,1
daca803e9e3	.patch,1	.gitmodules,1	.types,4	.tgz,4	.yml,11	.html,105	.jshintignore,1	.php,5	.js/NEWS,1	.sh,1	.jshintrc,4	.js,131	.5,5	.npmignore,12	.tar,1	.txt,5	.js/node_modules/underscore/LICENSE,1	.3,40	.1,48	.tern-project,1	.json,61	.md,42	.7,11
adf2cfd54da	.h,1
7fabdc23d84	.h,1
6a11bfe74bc	.js,38	.npmignore,1	.txt,1	.3,1	.eslintrc,1	.yml,3	.1,2	.html,104	.tern-project,1	.markdown,2	.json,20	.md,4
92598e8f2b5	.h,1
53b4accb6e5	.h,1
8fd350e3575	.h,1
643a21c0976	.wixproj,1
4f2b08c523c	.sh,1	.h,1
0c766cbdfe2	.h,1
bc0ff830aff	.h,1
71698798796	.c,6	.mk,1	.gyp,1	.h,1
1223cafea64	.patch,2	.eslintrc,1	.yml,1	.html,104	.js/NEWS,1	.sh,2	.jshintrc,1	.js,140	.5,5	.npmignore,2	.js/node_modules/underscore/LICENSE,1	.3,40	.1,48	.tern-project,1	.json,36	.md,22	.7,10	.pl,1	.npmrc,1
e22ea56647b
d5edd687944	.h,1
361aa5344d6	.wixproj,1
f6ba61bd154	.md,1
a69205346b0
eeb08ca496c	.h,1
1cb6f1a46ad	.h,1
ce82d6b8474	.h,1
e9170cbc3d3	.cc,1
f051f317905	.5,5	.js,87	.npmignore,1	.3,40	.gz,2	.1,48	.ini,1	.html,104	.json,31	.7,10	.md,20	.npmrc,2
535c7777ac6	.cc,9	.h,1
f82652e68ee	.asm,3	.s,9
650d1355a58	.S,1	.c,101	.txt,2	.W32,1	.num,1	.spec,1	.pod,64	.org,1	.gyp,1	.com,2	.h,19	.pl,18
15f0e0a5967	.cc,10	.h,1
654267609b5	.cc,1
1bbb3cc00d2	.js,1
58cc3622516	.js,1
41d8e10f0d7	.js,1
9479399d3b4	.js,1
a6583ebd113	.h,1
bfe1fdb8ab5	.h,1
b148cbe09d4	.h,1
89223ae860f	.h,1
1285008fcaa	.h,1
cb7911f78ae	.h,1
1038959dbf7	.c,9	.mailmap,1	.bat,1	.h,2
7b72e156655	.js,1
632c1356222	.cc,1
af69f88a9d5
ee4b9b552de	.cc,1
9bd934cb961	.h,1
7d6b8db40f3	.cc,1
0c2e28d68ff	.h,1
e2fcfea46e3	.cc,1	.h,1
e92d35d80be	.c,27	.mingw,1	.in,1	.ac,1	.gyp,1	.am,1	.h,11	.sh,1
a18c9b7dde2	.js,1
06453a94a7b	.js,2	.cc,1	.out,1
afc29ed397f	.cc,1
cd08c8a0e5e	.c,45	.mingw,1	.py,1	.mailmap,1	.gypi,1	.ac,1	.gitignore,1	.gyp,1	.bat,1	.am,1	.h,11	.md,1
98a0909da05	.js,1
67dfcd55be6	.js,1
bfc823de905	.js,4
fa0ac99541f
581b8585eb9
407e295f435	.c,78	.css,2	.png,1	.1,1	.hpp,1	.pc,1	.html,14	.gitignore,1	.dep,1	.dasc,5	.bat,2	.lua,23	.h,80	.supp,1
d2952cce363	.js,1
de56ffa58b0	.js,2
265fdc8e91b	.js,1
78a854f8721	.js,2
95bb347d6ca	.js,1
3a3b7488b58	.js,1
e324717f8da	.js,1
af1418325ba	.js,5
085db9dd6c1	.sh,1
ae418f974d7	.h,1
cc56c62ed87	.png,1	.jpg,2
31c510ca882	.h,1
3e6e63406d0	.js,1
c2aea3747da	.c,6	.mk,1	.gyp,1	.h,1
937e2e351b2	.js,3	.markdown,1
59baab27769	.js,3	.markdown,1
e5eadcfa199	.gypi,1
c0d73e6de1b	.js,1
a4436bab7b8	.js,2
86b8d848114	.1,1
37376debe54	.gitmodules,1	.css,1	.png,36	.yml,3	.html,9	.jpg,3	.ejs,3	.pdf,1	.eps,4	.ico,2	.js,54	.npmignore,6	.txt,1	.1,2	.xml,1	.markdown,1	.json,10	.md,180
e8df2676748	.js,5	.markdown,1
297fee70b97	.js,5	.markdown,1
5c832e44c3c	.cc,4	.h,1
e3d83590216	.html,1
1d2fab37e61	.markdown,3
c8c26f12e44	.h,1
a98d5417333	.md,1
e63268e433f	.h,1
b46e7742158	.h,1
95b8a75d5e4	.js,2	.cc,2	.h,1
ab54e32bbd5	.h,1
114bff467eb	.js,1
2f5e77f55bb	.js,1
cd2d3aedaab	.js,1
d0d4719e472	.py,1
5aebc735258	.md,1
eb7c7be7da4	.h,1
b0e5f195dfc	.js,1
bc2f31ae1d0	.h,1
8b7ec733317	.c,5	.h,1
574f71444c0	.js,18	.py,2
6cc95b06eae	.py,5
1d57a5caa4d	.md,1
dcd5224e1f2	.js,18	.py,2
be3aaeb0e9f	.py,5
8753bb38596	.cc,1
270c2deb84b	.js,1	.cc,1
30b3bc2f7ce	.c,6	.mk,1	.gyp,1	.h,1	.sh,1
aa56d9d3540	.md,1
c3e26d64f89	.h,1
66931791f06	.h,1
5ce4f3ec3d8	.cc,2
ffb718b5a36	.markdown,1
6f8aa24d1ee	.js,1
8590f810a53	.c,13	.mailmap,1	.gitignore,1	.gyp,1	.bat,1	.am,1	.h,2	.sh,1	.md,1
f84c7a27765	.md,1
00e28ee6a8d	.h,1
b7fd6bc899c	.h,1
9371be0aa15	.c,2
32478acf94e	.py,1
7dca8d714f4	.md,1
bb1575b4c4d	.h,1
0462bc23564	.h,1
910bc3c02d9	.c,8	.py,1	.mailmap,1	.mk,1	.gitignore,1	.gyp,1	.h,1
4ec189b2501	.py,15
92bbd60a3ff	.gyp,1
f9f9239fa2f
2905884b63e
b5e161989cc
6877e64fa8e	.gypi,1	.gyp,1
a34bbaf31bd	.md,1
1a7d3e2b72a	.h,1
dcfd032bdd6	.h,1
40d5e9074a0	.js,1
1fef66ffd4c	.c,32	.py,1	.gitignore,2	.ac,1	.gyp,2	.bat,1	.am,1	.h,10	.sh,1	.md,1
b73967e9a0c	.js,4	.cc,18	.h,7
ac9cf002524	.md,1
9142dc676fd	.h,1
cbff8f091c2	.h,1
16934d92105	.cc,1	.h,1
ac799ba0afa	.c,11	.py,1	.mk,1	.gyp,1	.bat,1	.h,2	.sh,1	.md,1
20109853544	.py,33	.el,1	.bat,1
