.js	9585
.cc	8288
.h	6160
.c	3192
.html	1676
.py	1454
.markdown	648
.gyp	524
.md	365
.3	266
.1	258
.txt	245
.vcproj	191
.status	181
.pem	177
.json	155
.sh	131
.gitignore	91
.gypi	85
.cmake	82
.bat	73
.in	68
.png	64
.pl	61
.mk	59
.m4	59
.tar	44
.vcxproj	42
.out	35
.css	29
.ac	28
.vsprops	27
.hex	24
.pbxproj	24
.npmignore	24
.cpp	23
.pod	20
.sln	19
.com	19
.am	18
.cnf	17
.yml	16
.stdout	16
.win32	16
.srl	16
.xml	16
.patch	15
.cmd	15
.ec	15
.wxs	15
.node	15
.pyt	14
.reg2	13
.lua	13
.gitmodules	12
.wixproj	11
.reg	11
.d	11
.jpg	11
.sub	10
.guess	10
.dsp	10
.plist	10
.msvc	9
.S	9
.opt	9
.mailmap	9
.awk	9
.txt"	8
.a	8
.in1	8
.in0	8
.ss	7
.ini	6
.dsw	6
.ico	6
.orig	6
.LIB	6
.golden	6
.rc	5
.cares	5
.rb	4
.hpp	4
.bmp	4
.chromium	4
.printvars	4
.rtf	4
.ttf	4
.strings	4
.eps	4
.gnu	4
.m	4
.gencc	4
.Watcom	4
.log	4
.scm	3
.s	3
.expectation	3
.crt	3
.asm	2
.doc	2
.dot	2
.CV	2
.xib	2
.netware	2
.pch	2
.rl	2
.NONPORTABLE	2
.ASN1	2
.diff	2
.WinCE	2
.embed	2
.xsl	2
.key	2
.m32	2
.inc	2
.ext	2
.mm	2
.saves	2
.Borland	2
.spec	2
.R	2
.ev	2
.test	2
.tests	2
.bin	2
.dj	2
.event	2
.pdf	2
.hqx	2
.mar	2
.SSLeay	1
.sha1	1
.gcc	1
.bc	1
.W64	1
.OS2	1
.doxy	1
.func-info	1
.cfg	1
.gz	1
.lib	1
.aandMingw32?	1
.world	1
.cvsignore	1
.xs	1
.W32	1
.xclangspec	1
.NW	1
.lis	1
.pm	1
.p7s	1
.p7m	1
.num	1
.mul	1
.WCE	1
.settings	1
.p7c	1
.gitattributes	1
.LGPL	1
.hpux10-cc	1
.MacOS	1
.shared	1
.pbfilespec	1
.rnd	1
.DJGPP	1
.RootCerts	1
.strongtalk	1
.TXT	1
.gitkeep	1
.VMS	1
.egg-info/PKG-INFO	1
.valgrind	1
.ENGINE	1
.fre	1
.org	1
.dif	1
.crl	1
.lnx	1
.README	1
.sol	1
.v8	1
