.js	8997
.cc	7923
.h	5902
.c	2982
.py	1270
.html	960
.markdown	624
.gyp	376
.txt	209
.md	198
.vcproj	191
.3	179
.pem	173
.status	164
.1	133
.sh	96
.cmake	82
.json	79
.gitignore	76
.gypi	69
.bat	68
.pl	61
.in	59
.m4	59
.mk	55
.vcxproj	42
.png	41
.out	35
.ac	28
.vsprops	27
.css	24
.pbxproj	24
.tar	22
.cpp	21
.pod	20
.sln	19
.com	19
.am	18
.cnf	17
.win32	16
.srl	16
.patch	15
.ec	15
.node	15
.pyt	13
.reg2	13
.cmd	12
.hex	12
.lua	12
.npmignore	12
.reg	11
.sub	10
.guess	10
.dsp	10
.d	10
.wxs	10
.msvc	9
.xml	9
.opt	9
.awk	9
.yml	8
.wixproj	8
.stdout	8
.a	8
.S	8
.ss	7
.mailmap	7
.gitmodules	6
.dsw	6
.jpg	6
.orig	6
.LIB	6
.rc	5
.cares	5
.plist	5
.txt"	4
.rb	4
.chromium	4
.rtf	4
.ini	4
.eps	4
.Watcom	4
.in1	4
.in0	4
.ico	4
.log	4
.hpp	3
.scm	3
.s	3
.expectation	3
.golden	3
.crt	3
.doc	2
.dot	2
.CV	2
.netware	2
.rl	2
.bmp	2
.NONPORTABLE	2
.ASN1	2
.diff	2
.WinCE	2
.embed	2
.printvars	2
.xsl	2
.key	2
.m32	2
.ttf	2
.inc	2
.strings	2
.gnu	2
.Borland	2
.spec	2
.m	2
.R	2
.ev	2
.gencc	2
.test	2
.tests	2
.bin	2
.dj	2
.event	2
.pdf	2
.hqx	2
.mar	2
.asm	1
.SSLeay	1
.sha1	1
.gcc	1
.W64	1
.bc	1
.OS2	1
.doxy	1
.func-info	1
.xib	1
.pch	1
.cfg	1
.gz	1
.lib	1
.aandMingw32?	1
.world	1
.cvsignore	1
.xs	1
.W32	1
.xclangspec	1
.NW	1
.lis	1
.pm	1
.p7s	1
.num	1
.p7m	1
.mul	1
.WCE	1
.settings	1
.p7c	1
.ext	1
.mm	1
.saves	1
.gitattributes	1
.LGPL	1
.hpux10-cc	1
.MacOS	1
.pbfilespec	1
.shared	1
.rnd	1
.DJGPP	1
.RootCerts	1
.strongtalk	1
.TXT	1
.gitkeep	1
.VMS	1
.egg-info/PKG-INFO	1
.valgrind	1
.ENGINE	1
.fre	1
.org	1
.dif	1
.crl	1
.lnx	1
.README	1
.sol	1
.v8	1
