.js	19341
.cc	14646
.h	11198
.html	9748
.c	7652
.py	3596
.1	2209
.gyp	1647
.3	1513
.md	1418
.markdown	1330
.json	1076
.txt	1003
.pl	461
.pod	430
.gypi	340
.sh	318
.pem	305
.png	272
.status	268
.vcproj	254
.s	187
.npmignore	177
.asm	172
.bat	166
.gitignore	135
.in	126
.mk	125
.com	121
.css	114
.out	112
.yml	100
.cmake	82
.plist	74
.patch	71
.m4	70
.cnf	70
.cpp	57
.S	47
.vsprops	46
.wxs	45
.vcxproj	42
.ac	39
.xml	35
.pbxproj	34
.7	33
.m	33
.rb	31
.d	30
.jpg	29
.srl	28
.crt	28
.stdout	26
.am	25
.orig	25
.sln	24
.gitmodules	23
.tar	22
.mm	22
.cmd	22
.rc	20
.eps	20
.in1	20
.in0	20
.key	20
.wixproj	19
.rej	18
.ec	18
.node	18
.t	16
.xsl	16
.types	16
.num	16
.win32	16
.ico	16
.golden	16
.strings	15
.5	15
.lua	15
.mailmap	15
.coffee	14
.pyt	14
.el	14
.reg2	13
.lnx	13
.csr	12
.guess	12
.rl	12
.hex	12
.sub	12
.awk	12
.msvc	11
.conf	11
.reg	11
.ttf	10
.gencc	10
.opt	10
.printvars	10
.dsp	10
.chromium	9
.ini	9
.org	9
.gz	9
.sublime-workspace	9
.sublime-project	9
.sb	8
.cfg	8
.saves	8
.spec	8
.nt	8
.log	8
.a	8
.def	7
.cares	7
.input	7
.hpp	7
.ss	7
.crl	7
.W32	6
.manifest	6
.cxx	6
.LIB	6
.dsw	6
.gzip	5
.pch	5
.xclangspec	5
.settings	5
.pbfilespec	5
.xib	5
.ext	5
.bin	5
.txt"	4
.eot	4
.man	4
.dot	4
.bmp	4
.embed	4
.android	4
.rtf	4
.bin/marked	4
.gnu	4
.ev	4
.Watcom	4
.event	4
.woff	4
.pdf	4
.ext3	3
.blah	3
.old	3
.ext1	3
.ext2	3
.order	3
.jshintrc	3
.props	3
.3ctype	3
.egg-info/PKG-INFO	3
.gif	3
.ejs	3
.scm	3
.default	3
.expectation	3
.2	3
.idl	3
.nacl	3
.tern-project	3
.BIN	3
.SSLeay	2
.sha1	2
.couch	2
.ASN1	2
.diff	2
.json~	2
.WinCE	2
.m32	2
.inc	2
.bsd	2
.WCE	2
.Borland	2
.tests	2
.gitkeep	2
.w31	2
.mar	2
.doc	2
.fontified	2
.dos	2
.CV	2
.netware	2
.NONPORTABLE	2
.lib	2
.cvsignore	2
.ignore-unknown	2
.LGPL	2
.dtd	2
.shared	2
.R	2
.separate-ic	2
.test	2
.VMS	2
.osf	2
.dj	2
.irx	2
.hqx	2
.gcc	1
.bc	1
.W64	1
.w95	1
.world	1
.LN3	1
.NW	1
.pm	1
.ln4	1
.hpux10-cc	1
.MacOS	1
.rnd	1
.TXT	1
.tmpl	1
.proto	1
.valgrind	1
.ENGINE	1
.fre	1
.dif	1
.ignore	1
.README	1
.mingw	1
.NT2	1
.sol	1
.stp	1
.OS2	1
.doxy	1
.func-info	1
.ult	1
.aandMingw32?	1
.xs	1
.lis	1
.p7s	1
.p7m	1
.mul	1
.p7c	1
.sym	1
.ntx	1
.attr	1
.gitattributes	1
.DJGPP	1
.RootCerts	1
.strongtalk	1
.pfx	1
.tgz	1
.wxl	1
.JS	1
.gost	1
.v8	1
.gc-state	1
