.js	16976
.cc	13150
.h	10380
.html	7942
.c	7137
.py	2997
.1	1667
.markdown	1251
.3	1147
.gyp	1069
.md	853
.json	804
.pl	459
.pod	430
.txt	429
.pem	305
.gypi	291
.sh	262
.png	261
.vcproj	254
.status	251
.s	179
.asm	168
.bat	156
.npmignore	130
.gitignore	127
.com	121
.mk	117
.css	104
.in	104
.out	103
.cmake	82
.yml	76
.patch	71
.m4	70
.cnf	60
.wxs	45
.vsprops	44
.cpp	43
.vcxproj	42
.plist	40
.ac	35
.xml	35
.S	35
.pbxproj	34
.rb	31
.d	29
.orig	25
.sln	24
.srl	23
.tar	22
.am	22
.cmd	22
.eps	20
.wixproj	19
.stdout	18
.jpg	18
.rej	18
.ec	18
.node	18
.gitmodules	17
.m	17
.rc	16
.t	16
.xsl	16
.num	16
.win32	16
.mailmap	15
.coffee	14
.pyt	14
.lua	14
.reg2	13
.lnx	13
.guess	12
.rl	12
.hex	12
.in1	12
.in0	12
.sub	12
.awk	12
.msvc	11
.reg	11
.ico	11
.ttf	10
.mm	10
.opt	10
.dsp	10
.golden	10
.chromium	9
.strings	9
.org	9
.el	9
.ini	8
.spec	8
.nt	8
.log	8
.a	8
.crt	8
.cares	7
.input	7
.ss	7
.W32	6
.gencc	6
.LIB	6
.printvars	6
.dsw	6
.xclangspec	5
.settings	5
.conf	5
.pbfilespec	5
.hpp	5
.key	5
.bin	5
.txt"	4
.sb	4
.saves	4
.eot	4
.types	4
.man	4
.dot	4
.bmp	4
.embed	4
.rtf	4
.bin/marked	4
.gnu	4
.ev	4
.Watcom	4
.event	4
.woff	4
.pdf	4
.pch	3
.cfg	3
.def	3
.egg-info/PKG-INFO	3
.gif	3
.ejs	3
.xib	3
.scm	3
.android	3
.expectation	3
.2	3
.ext	3
.BIN	3
.csr	2
.SSLeay	2
.sha1	2
.old	2
.couch	2
.ASN1	2
.diff	2
.json~	2
.WinCE	2
.m32	2
.inc	2
.bsd	2
.WCE	2
.Borland	2
.manifest	2
.cxx	2
.3ctype	2
.tests	2
.gitkeep	2
.w31	2
.mar	2
.doc	2
.fontified	2
.dos	2
.CV	2
.netware	2
.NONPORTABLE	2
.lib	2
.default	2
.cvsignore	2
.ignore-unknown	2
.sublime-workspace	2
.LGPL	2
.dtd	2
.sublime-project	2
.shared	2
.R	2
.separate-ic	2
.test	2
.VMS	2
.osf	2
.dj	2
.crl	2
.irx	2
.hqx	2
.tern-project	2
.ext3	1
.blah	1
.gcc	1
.W64	1
.bc	1
.w95	1
.ext1	1
.ext2	1
.world	1
.LN3	1
.order	1
.NW	1
.pm	1
.ln4	1
.hpux10-cc	1
.MacOS	1
.rnd	1
.jshintrc	1
.props	1
.TXT	1
.proto	1
.valgrind	1
.ENGINE	1
.fre	1
.dif	1
.ignore	1
.README	1
.NT2	1
.sol	1
.OS2	1
.doxy	1
.func-info	1
.ult	1
.gz	1
.aandMingw32?	1
.xs	1
.lis	1
.p7s	1
.p7m	1
.mul	1
.p7c	1
.sym	1
.ntx	1
.attr	1
.gitattributes	1
.DJGPP	1
.RootCerts	1
.idl	1
.nacl	1
.pfx	1
.strongtalk	1
.tgz	1
.wxl	1
.gost	1
.gc-state	1
.v8	1
